{"assets/account.png":["assets/account.png"],"assets/arabic.png":["assets/arabic.png"],"assets/back.png":["assets/back.png"],"assets/brands.png":["assets/brands.png"],"assets/delete.png":["assets/delete.png"],"assets/earning.png":["assets/earning.png"],"assets/esp.png":["assets/esp.png"],"assets/fonts/Raleway-Bold.ttf":["assets/fonts/Raleway-Bold.ttf"],"assets/fonts/Raleway-Light.ttf":["assets/fonts/Raleway-Light.ttf"],"assets/fra.png":["assets/fra.png"],"assets/ger.png":["assets/ger.png"],"assets/help.png":["assets/help.png"],"assets/home.png":["assets/home.png"],"assets/iconok.png":["assets/iconok.png"],"assets/kor.png":["assets/kor.png"],"assets/lang.png":["assets/lang.png"],"assets/language.png":["assets/language.png"],"assets/logo.png":["assets/logo.png"],"assets/logo_program.jpg":["assets/logo_program.jpg"],"assets/map_style.txt":["assets/map_style.txt"],"assets/marker1.png":["assets/marker1.png"],"assets/marker2.png":["assets/marker2.png"],"assets/menu.png":["assets/menu.png"],"assets/nonotify.png":["assets/nonotify.png"],"assets/notifyicon.png":["assets/notifyicon.png"],"assets/online.png":["assets/online.png"],"assets/portugal.png":["assets/portugal.png"],"assets/route.png":["assets/route.png"],"assets/rus.jpg":["assets/rus.jpg"],"assets/settings.png":["assets/settings.png"],"assets/signout.png":["assets/signout.png"],"assets/star.png":["assets/star.png"],"assets/statistics.png":["assets/statistics.png"],"assets/usa.png":["assets/usa.png"],"packages/cupertino_icons/assets/CupertinoIcons.ttf":["packages/cupertino_icons/assets/CupertinoIcons.ttf"]}